iteration,operation,ns
1,1,6735779
1,2,5629282
1,3,4583522
1,4,4352549
1,5,4131091
1,6,5396319
1,7,4496721
1,8,6222855
1,9,6848771
1,10,8125601
1,11,9343301
1,12,6193124
1,13,6895505
1,14,3841650
1,15,9215802
1,16,3766137
1,17,2607450
1,18,2760560
1,19,8148819
1,20,8746640
1,21,5812084
1,22,2418582
1,23,3978501
1,24,4398918
1,25,2456220
1,26,4036713
1,27,8981962
1,28,6620390
1,29,6687042
1,30,4947124
1,31,4642421
1,32,6455431
1,33,4087234
1,34,6802981
1,35,6914374
1,36,4309826
1,37,4065847
1,38,4491672
1,39,6756554
1,40,3803267
1,41,4019683
1,42,3889210
1,43,3418895
1,44,2944084
1,45,4374641
1,46,2179286
1,47,5755866
1,48,6314497
1,49,6270928
1,50,2556223
1,51,4073838
1,52,3142297
1,53,3879933
1,54,7416854
1,55,4609287
1,56,11675739
1,57,3794443
1,58,10525426
1,59,8224097
1,60,4670284
1,61,2533569
1,62,2850140
1,63,3241841
1,64,4036558
1,65,6119130
1,66,3359209
1,67,4029251
1,68,3868429
1,69,4301889
1,70,1947644
1,71,4772740
1,72,7054997
1,73,4999134
1,74,2527850
1,75,3010660
1,76,6268624
1,77,2426820
1,78,2602006
1,79,2847418
1,80,5024700
1,81,3041548
1,82,1950882
1,83,2923563
1,84,4827291
1,85,7774896
1,86,2532091
1,87,2972329
1,88,11519350
1,89,2500716
1,90,1854941
1,91,4260095
1,92,9538011
1,93,14000510
1,94,2740959
1,95,5124763
1,96,8681548
1,97,28546674
1,98,4508687
1,99,3323461
1,100,10487259
1,101,6640712
1,102,2976123
1,103,4830841
1,104,3683006
1,105,4086253
1,106,2286038
1,107,3885408
1,108,9723601
1,109,2488177
1,110,16283788
1,111,3021677
1,112,5964438
1,113,5551589
1,114,2310583
1,115,2948989
1,116,3889222
1,117,5073269
1,118,2262722
1,119,2681925
1,120,9329993
1,121,11876181
1,122,2481251
1,123,3533279
1,124,9174043
1,125,19991252
1,126,2315489
1,127,2925127
1,128,5071173
1,129,12410539
1,130,2899500
1,131,19688506
1,132,15739287
1,133,15777159
1,134,6223283
1,135,3409351
1,136,9026602
1,137,3963807
1,138,2505217
1,139,3722679
1,140,8104303
1,141,7047213
1,142,2149513
1,143,4075284
1,144,15227420
1,145,2332507
1,146,5697882
1,147,4001831
1,148,8357566
1,149,2552788
1,150,3891339
1,151,4381707
1,152,4339365
1,153,4159152
1,154,2864782
1,155,4390119
1,156,10565352
1,157,2467727
1,158,2608494
1,159,2819780
1,160,7945699
1,161,2333026
1,162,1905273
1,163,3331639
1,164,7138539
1,165,2060643
1,166,2811873
1,167,2870601
1,168,6348809
1,169,7184423
1,170,2711702
1,171,3121174
1,172,4823680
1,173,13544597
1,174,2475063
1,175,3440345
1,176,2765394
1,177,2247137
1,178,2146994
1,179,2933610
1,180,2843492
1,181,2087370
1,182,1952751
1,183,2748904
1,184,2833611
1,185,3983052
1,186,3031830
1,187,3597726
1,188,2598176
1,189,2526802
1,190,2970221
1,191,3419594
1,192,9043435
1,193,3009643
1,194,4705620
1,195,2823053
1,196,8959049
1,197,2578541
1,198,2681008
1,199,3046231
1,200,2739254
1,201,2932034
1,202,2408056
1,203,2773761
1,204,3222703
1,205,2097827
1,206,2015234
1,207,2521895
1,208,3299826
1,209,3328632
1,210,3779006
1,211,3343454
1,212,3385109
1,213,2108720
1,214,2598452
1,215,3055746
1,216,3193054
1,217,2515884
1,218,2546564
1,219,3571102
1,220,3822338
1,221,5708132
1,222,2383119
1,223,7114035
1,224,10055078
1,225,6314719
1,226,3020491
1,227,4531266
1,228,3342250
1,229,2645418
1,230,1982769
1,231,3357978
1,232,2970480
1,233,2387787
1,234,2995114
1,235,2791578
1,236,8757794
1,237,3504592
1,238,2362514
1,239,4355765
1,240,4731048
1,241,5498774
1,242,2666913
1,243,3048695
1,244,5008281
1,245,3927479
1,246,2056397
1,247,3807815
1,248,3859596
1,249,2339791
1,250,3562170
1,251,3389810
1,252,2401858
1,253,2111556
1,254,2397179
1,255,4164712
1,256,4692052
1,257,2506857
1,258,2482440
1,259,2703441
1,260,2670812
1,261,3064302
1,262,2991577
1,263,8671783
1,264,3256296
1,265,2820596
1,266,3196197
1,267,3125364
1,268,2976559
1,269,2195614
1,270,2827228
1,271,2865624
1,272,2771576
1,273,1828762
1,274,1774150
1,275,6925275
1,276,3178468
1,277,2428728
1,278,3297531
1,279,3053441
1,280,2659288
1,281,3200121
1,282,2984166
1,283,3325713
1,284,2721800
1,285,2362393
1,286,3471866
1,287,3513645
1,288,2718297
1,289,2702811
1,290,1973396
1,291,2620153
1,292,2324293
1,293,2041173
1,294,2551587
1,295,3374019
1,296,3858769
1,297,5790350
1,298,2052250
1,299,3219948
1,300,2922526
1,301,2638099
1,302,2099018
1,303,3069065
1,304,5639170
1,305,4901310
1,306,3428081
1,307,2637829
1,308,4304883
1,309,2347084
1,310,2286222
1,311,3203227
1,312,12157512
1,313,4473171
1,314,3634495
1,315,3375019
1,316,3031805
1,317,2828064
1,318,2175015
1,319,4636709
1,320,2580990
1,321,2043859
1,322,2706188
1,323,3479098
1,324,2261831
1,325,2507748
1,326,2006602
1,327,3249169
1,328,2938582
1,329,2065554
1,330,2388517
1,331,2758114
1,332,2836975
1,333,1770921
1,334,2453149
1,335,4362301
1,336,2593489
1,337,2038711
1,338,2703221
1,339,3114547
1,340,3009112
1,341,2048856
1,342,6578054
1,343,3480703
1,344,2754403
1,345,2283136
1,346,1951919
1,347,3570231
1,348,2525051
1,349,1601643
1,350,2296162
1,351,2770905
1,352,2583228
1,353,2518904
1,354,2959300
1,355,3907618
1,356,7490676
1,357,2681616
1,358,6249159
1,359,4596251
1,360,2948063
1,361,1957616
1,362,1879693
1,363,3011559
1,364,2266796
1,365,1961523
1,366,2893505
1,367,3542993
1,368,2265462
1,369,1704807
1,370,1915351
1,371,2739220
1,372,3694220
1,373,2631943
1,374,2122004
1,375,4051813
1,376,2360441
1,377,2166462
1,378,2738346
1,379,2900377
1,380,2635735
1,381,2026320
1,382,1933377
1,383,3151536
1,384,3208473
1,385,1988325
1,386,3498717
1,387,2635407
1,388,2463033
1,389,2726257
1,390,2663209
1,391,3060016
1,392,2508316
1,393,2560537
1,394,2658405
1,395,3595234
1,396,2781403
1,397,2799068
1,398,2365294
1,399,5482639
1,400,2612679
1,401,2684909
1,402,2228995
1,403,3574754
1,404,5857115
1,405,2695980
1,406,3431132
1,407,3399439
1,408,3105386
1,409,4504946
1,410,3487246
1,411,7907175
1,412,5671497
1,413,2430474
1,414,3339930
1,415,3295232
1,416,3320396
1,417,2069169
1,418,2007078
1,419,2244508
1,420,2310252
1,421,3864323
1,422,2481005
1,423,3238950
1,424,2918367
1,425,2362768
1,426,2410053
1,427,4748245
1,428,3155461
1,429,2478474
1,430,1970077
1,431,3121637
1,432,4347289
1,433,2857125
1,434,2031751
1,435,6609396
1,436,2367100
1,437,2370848
1,438,2180350
1,439,2665308
1,440,2957375
1,441,1595678
1,442,1859989
1,443,2353904
1,444,2527278
1,445,2467950
1,446,2708721
1,447,2968885
1,448,2574198
1,449,3149746
1,450,2080755
1,451,3756078
1,452,4044013
1,453,3682234
1,454,3321887
1,455,3007309
1,456,4270116
1,457,4702553
1,458,3937600
1,459,3533929
1,460,4086909
1,461,3744756
1,462,4091381
1,463,7054550
1,464,3407564
1,465,3747482
1,466,2938351
1,467,3686417
1,468,4501132
1,469,2291821
1,470,2634510
1,471,4029346
1,472,4102885
1,473,3104489
1,474,3063116
1,475,2855570
1,476,4176051
1,477,2940061
1,478,3053912
1,479,2651177
1,480,2440815
1,481,2861868
1,482,1986827
1,483,2524749
1,484,2802394
1,485,2358619
1,486,2335599
1,487,2398826
1,488,2642348
1,489,2352587
1,490,1683873
1,491,2817421
1,492,2216896
1,493,1590355
1,494,1926128
1,495,2322732
1,496,2519652
1,497,1975745
1,498,1753315
1,499,2534273
1,500,2441740
1,501,1874674
1,502,1829295
1,503,2137360
1,504,2642055
1,505,4621515
1,506,2759712
1,507,2874937
1,508,2633250
1,509,4122532
1,510,2280143
1,511,4098048
1,512,2876178
1,513,2620762
1,514,3203375
1,515,3144632
1,516,3653211
1,517,2957165
1,518,3481684
1,519,4373475
1,520,5518487
1,521,2880616
1,522,4058497
1,523,2997606
1,524,3296668
1,525,7373224
1,526,2836114
1,527,3765513
1,528,3536608
1,529,3108611
1,530,3327797
1,531,3149748
1,532,3621901
1,533,2504529
1,534,2705538
1,535,4613132
1,536,2753862
1,537,2632550
1,538,3690486
1,539,3447122
1,540,3953561
1,541,2597417
1,542,2299947
1,543,4341251
1,544,4216816
1,545,3005449
1,546,4727254
1,547,2836798
1,548,2812025
1,549,1846004
1,550,2425868
1,551,4971177
1,552,3273913
1,553,3706297
1,554,2209450
1,555,3459575
1,556,4594848
1,557,4329651
1,558,3123962
1,559,2764525
1,560,3451990
1,561,2749759
1,562,4230604
1,563,2741383
1,564,2360452
1,565,2399042
1,566,3042642
1,567,3462487
1,568,3595264
1,569,2613757
1,570,2341372
1,571,4317987
1,572,3776818
1,573,2591013
1,574,2550292
1,575,3733916
1,576,4470514
1,577,2534915
1,578,3113251
1,579,2869592
1,580,2566808
1,581,2530909
1,582,1861412
1,583,2798283
1,584,3310561
1,585,2841582
1,586,2214484
1,587,3632043
1,588,2687960
1,589,1735067
1,590,2363065
1,591,2762366
1,592,3418360
1,593,2899587
1,594,2347833
1,595,2949147
1,596,2115158
1,597,3729463
1,598,2402849
1,599,2773879
1,600,3004555
1,601,2372292
1,602,2060714
1,603,3426447
1,604,2691562
1,605,2931434
1,606,3089767
1,607,7289338
1,608,2848341
1,609,2886334
1,610,2072829
1,611,3625253
1,612,3307341
1,613,2314955
1,614,2570909
1,615,2948169
1,616,3061687
1,617,2349323
1,618,1913720
1,619,3596081
1,620,3806054
1,621,1826021
1,622,1813137
1,623,3083531
1,624,3252412
1,625,1744569
1,626,2217302
1,627,2498232
1,628,3272237
1,629,2087968
1,630,2391673
1,631,2944569
1,632,2906222
1,633,1921979
1,634,2384621
1,635,2997181
1,636,3021150
1,637,1820229
1,638,2070861
1,639,2996048
1,640,3785705
1,641,1906790
1,642,2495425
1,643,3208848
1,644,2494738
1,645,3263101
1,646,2835909
1,647,3875516
1,648,3028638
1,649,2834917
1,650,1818209
1,651,2458750
1,652,2606065
1,653,2423912
1,654,3006916
1,655,2904363
1,656,3579075
1,657,3852186
1,658,2430549
1,659,2595946
1,660,2275228
1,661,2310290
1,662,5092343
1,663,2547697
1,664,2823769
1,665,2354364
1,666,2740760
1,667,2484727
1,668,2523709
1,669,2744357
1,670,2676991
1,671,2742021
1,672,2781286
1,673,2132840
1,674,2565693
1,675,4612917
1,676,6183412
1,677,2109853
1,678,1945941
1,679,2519744
1,680,2054417
1,681,1717536
1,682,1647570
1,683,2847867
1,684,2408580
1,685,1913011
1,686,1621542
1,687,2504868
1,688,2837007
1,689,2220909
1,690,1944813
1,691,2275062
1,692,2241667
1,693,1696034
1,694,2027306
1,695,2305190
1,696,2340622
1,697,4348010
1,698,2331849
1,699,2426414
1,700,2290697
1,701,1853806
1,702,2063936
1,703,2321924
1,704,4402964
1,705,2466702
1,706,2003865
1,707,3004411
1,708,2601138
1,709,2332260
1,710,1661816
1,711,2748097
1,712,2145278
1,713,2049185
1,714,1995244
1,715,3475666
1,716,3476747
1,717,3381303
1,718,2187001
1,719,3251737
1,720,3319011
1,721,3522950
1,722,2333192
1,723,3491074
1,724,4348583
1,725,2474695
1,726,2111573
1,727,4630588
1,728,2903695
1,729,3835384
1,730,2037214
1,731,2667282
1,732,2518788
1,733,3140920
1,734,2423064
1,735,2562882
1,736,2348029
1,737,2311375
1,738,2468764
1,739,3363893
1,740,3312665
1,741,2420022
1,742,2150459
1,743,2665782
1,744,3024916
1,745,2658044
1,746,2613396
1,747,3147090
1,748,3658344
1,749,3046534
1,750,2881617
1,751,2790980
1,752,3332447
1,753,3956109
1,754,2484263
1,755,2744164
1,756,9146512
1,757,2459332
1,758,2138204
1,759,2885458
1,760,3133991
1,761,3204898
1,762,2492858
1,763,2968474
1,764,2393004
1,765,2223137
1,766,2915202
1,767,2672765
1,768,3517447
1,769,2908972
1,770,1961864
1,771,2827373
1,772,3458356
1,773,2004713
1,774,2406887
1,775,2381280
1,776,3457394
1,777,2699916
1,778,2186419
1,779,5510899
1,780,4706761
1,781,2366780
1,782,2638683
1,783,3765384
1,784,2872987
1,785,2614683
1,786,3376469
1,787,2912442
1,788,2615768
1,789,2224632
1,790,3032380
1,791,3639123
1,792,3686467
1,793,1837968
1,794,2165544
1,795,4295415
1,796,4404033
1,797,2409202
1,798,4057157
1,799,2940737
1,800,4247846
1,801,2049051
1,802,2050654
1,803,2689021
1,804,3418031
1,805,5220205
1,806,2240987
1,807,3609114
1,808,3963005
1,809,2006057
1,810,3241431
1,811,3612137
1,812,2999806
1,813,2544718
1,814,2165126
1,815,3038283
1,816,4124728
1,817,2196702
1,818,2569924
1,819,4070156
1,820,3062123
1,821,2147044
1,822,2944352
1,823,3107743
1,824,3255311
1,825,1760247
1,826,2149818
1,827,4243387
1,828,2462915
1,829,2112798
1,830,2263469
1,831,2373913
1,832,2336659
1,833,3217501
1,834,2150480
1,835,2984843
1,836,3148759
1,837,2035543
1,838,2570120
1,839,2713659
1,840,2744794
1,841,1819894
1,842,2327450
1,843,2267252
1,844,2366204
1,845,2699608
1,846,1796215
1,847,2329589
1,848,2284627
1,849,1940223
1,850,3178084
1,851,2350317
1,852,3689907
1,853,3312449
1,854,2377601
1,855,3026068
1,856,4394528
1,857,2799404
1,858,2030736
1,859,3307709
1,860,4304939
1,861,1936378
1,862,2224323
1,863,2656735
1,864,2981656
1,865,1619048
1,866,4235958
1,867,2322309
1,868,2349011
1,869,1823769
1,870,1914140
1,871,2258559
1,872,2133285
1,873,2179986
1,874,2448529
1,875,2699317
1,876,2447692
1,877,2107343
1,878,2328769
1,879,3075099
1,880,2835533
1,881,3013266
1,882,2568362
1,883,3008769
1,884,2789145
1,885,1938227
1,886,1580486
1,887,2508439
1,888,3025812
1,889,2129050
1,890,2614546
1,891,2777517
1,892,2458671
1,893,2230915
1,894,1936889
1,895,2336353
1,896,3089905
1,897,1772669
1,898,2513225
1,899,2826690
1,900,2570943
1,901,1861954
1,902,7789576
1,903,2978786
1,904,21670768
1,905,2686625
1,906,2177232
1,907,3578855
1,908,2981966
1,909,2944917
1,910,2006932
1,911,2729089
1,912,2484219
1,913,2375939
1,914,1755573
1,915,2179130
1,916,2385302
1,917,2052630
1,918,1968904
1,919,2804762
1,920,2469680
1,921,2367096
1,922,2031441
1,923,2496709
1,924,2386729
1,925,2370735
1,926,2994470
1,927,2793397
1,928,2653777
1,929,2587894
1,930,3040490
1,931,3207360
1,932,2007273
1,933,1800635
1,934,2449526
1,935,2968039
1,936,2542903
1,937,2482985
1,938,2311324
1,939,2891956
1,940,4073379
1,941,4228244
1,942,2042523
1,943,2896827
1,944,2115705
1,945,2914933
1,946,2696795
1,947,3684836
1,948,2413428
1,949,2516877
1,950,2108009
1,951,3595115
1,952,4029949
1,953,2888757
1,954,1811905
1,955,3366786
1,956,3999695
1,957,2472870
1,958,2308390
1,959,2775793
1,960,2618105
1,961,2017855
1,962,1886988
1,963,4960414
1,964,2610910
1,965,3433042
1,966,1954125
1,967,2979734
1,968,3292410
1,969,3100898
1,970,2075042
1,971,3631670
1,972,2924163
1,973,2434209
1,974,2392132
1,975,2537407
1,976,2775493
1,977,3118941
1,978,2935852
1,979,8063776
1,980,2697353
1,981,2127871
1,982,1809994
1,983,3479240
1,984,2507514
1,985,1905026
1,986,1621952
1,987,2490778
1,988,1879299
1,989,1601576
1,990,2428205
1,991,2691502
1,992,4079545
1,993,3111522
1,994,1903352
1,995,4045746
1,996,3662079
1,997,2428887
1,998,2916959
1,999,2791150
1,1000,2993893
2,1,4397096
2,2,7531811
2,3,5791496
2,4,8007292
2,5,10738152
2,6,2838759
2,7,7492776
2,8,33910498
2,9,2842110
2,10,4910011
2,11,5156848
2,12,4344653
2,13,6105791
2,14,5698420
2,15,4075104
2,16,3601528
2,17,6186129
2,18,4131883
2,19,10220464
2,20,4408382
2,21,2438729
2,22,5270174
2,23,4910921
2,24,13219937
2,25,4705418
2,26,6310680
2,27,3855409
2,28,9476447
2,29,5699777
2,30,6553277
2,31,3643392
2,32,4611455
2,33,4263122
2,34,4857376
2,35,4198714
2,36,3080419
2,37,6151007
2,38,3881284
2,39,4120281
2,40,7098826
2,41,4159619
2,42,3160901
2,43,3124663
2,44,8430698
2,45,4650484
2,46,2522917
2,47,3746834
2,48,3703439
2,49,11578666
2,50,6940146
2,51,4643674
2,52,2591425
2,53,5830484
2,54,4887967
2,55,5400454
2,56,3757630
2,57,6994050
2,58,1909573
2,59,4346516
2,60,4697192
2,61,2948194
2,62,1995537
2,63,21378007
2,64,5513700
2,65,3554358
2,66,7150858
2,67,3464843
2,68,8055587
2,69,3421291
2,70,4452437
2,71,4026470
2,72,3786843
2,73,11943768
2,74,8735028
2,75,6024395
2,76,7146307
2,77,6548291
2,78,3193330
2,79,9685167
2,80,3006199
2,81,13231481
2,82,2884490
2,83,4054014
2,84,6236013
2,85,4429621
2,86,2925863
2,87,9200281
2,88,4054322
2,89,3680789
2,90,4044908
2,91,5269546
2,92,3603935
2,93,16233147
2,94,5269844
2,95,4171901
2,96,4329988
2,97,4951265
2,98,1853548
2,99,3444731
2,100,3069953
2,101,1809371
2,102,1963912
2,103,3518715
2,104,3327309
2,105,3645141
2,106,2431278
2,107,4100750
2,108,2940977
2,109,3146945
2,110,1953197
2,111,7900662
2,112,3711875
2,113,2127730
2,114,4680667
2,115,3627781
2,116,6310046
2,117,2068727
2,118,3755552
2,119,3803175
2,120,2691934
2,121,11862095
2,122,3487465
2,123,5299396
2,124,3471680
2,125,3301759
2,126,2513673
2,127,4309994
2,128,6942646
2,129,2372608
2,130,6265236
2,131,7276082
2,132,4043719
2,133,2486644
2,134,4032091
2,135,4077736
2,136,4666000
2,137,2608792
2,138,2322886
2,139,3963511
2,140,5082682
2,141,1936966
2,142,2492810
2,143,14675263
2,144,3585072
2,145,4493908
2,146,2216131
2,147,3221424
2,148,3051036
2,149,2303912
2,150,2122150
2,151,2499645
2,152,3063843
2,153,2117370
2,154,2115147
2,155,6452712
2,156,2475796
2,157,3270185
2,158,2207476
2,159,6633710
2,160,2250699
2,161,3114031
2,162,2118124
2,163,4096268
2,164,3322721
2,165,4872014
2,166,2003050
2,167,8961533
2,168,4704145
2,169,2057456
2,170,2438459
2,171,4219449
2,172,2854168
2,173,1812503
2,174,3595996
2,175,6664104
2,176,2719061
2,177,3138845
2,178,2558935
2,179,5168500
2,180,2826982
2,181,2104691
2,182,1951961
2,183,4611079
2,184,2607256
2,185,1794568
2,186,2143934
2,187,7590679
2,188,5696611
2,189,2174170
2,190,6058003
2,191,7846169
2,192,3949078
2,193,2237318
2,194,2473892
2,195,4449651
2,196,6906382
2,197,2426989
2,198,3264792
2,199,3770417
2,200,3514239
2,201,2557706
2,202,3692263
2,203,6750451
2,204,11349087
2,205,3160903
2,206,3170507
2,207,8823190
2,208,2929462
2,209,3704833
2,210,2594761
2,211,4533629
2,212,2980207
2,213,2928133
2,214,3636645
2,215,3448486
2,216,3054669
2,217,2895632
2,218,6163925
2,219,6337943
2,220,3543678
2,221,2050979
2,222,1654320
2,223,2674083
2,224,4231805
2,225,1817010
2,226,1646225
2,227,4071084
2,228,2370615
2,229,2106332
2,230,1877937
2,231,4635753
2,232,2483591
2,233,2598748
2,234,1659233
2,235,3910838
2,236,2917800
2,237,1901977
2,238,2443376
2,239,2787563
2,240,2287270
2,241,3003596
2,242,1888328
2,243,3503512
2,244,2237861
2,245,1861141
2,246,2246024
2,247,2750260
2,248,9368834
2,249,2292522
2,250,4982208
2,251,3629701
2,252,2518500
2,253,1930512
2,254,2100137
2,255,3873927
2,256,2148142
2,257,3301914
2,258,3407158
2,259,2600466
2,260,2953546
2,261,1973050
2,262,2491853
2,263,2608972
2,264,3832199
2,265,2142803
2,266,6552622
2,267,3169642
2,268,3905440
2,269,2715839
2,270,2091700
2,271,2725201
2,272,2309509
2,273,1988092
2,274,1849531
2,275,8900095
2,276,3279443
2,277,11462491
2,278,2099497
2,279,4264542
2,280,4228996
2,281,2422411
2,282,1879734
2,283,2228733
2,284,2170882
2,285,2378747
2,286,2654431
2,287,2843044
2,288,2030089
2,289,2284337
2,290,1833992
2,291,2977838
2,292,8469875
2,293,6790758
2,294,4645490
2,295,2938541
2,296,2528412
2,297,2158201
2,298,3047069
2,299,21377884
2,300,2456301
2,301,4531476
2,302,5179022
2,303,3706398
2,304,3287030
2,305,3057600
2,306,5888380
2,307,3007473
2,308,2706062
2,309,3248260
2,310,1961383
2,311,3024067
2,312,2493539
2,313,2483418
2,314,2227506
2,315,2726972
2,316,2770212
2,317,2140431
2,318,7195792
2,319,2658676
2,320,2796157
2,321,3348776
2,322,4166743
2,323,3115763
2,324,3047876
2,325,3447047
2,326,4107416
2,327,2981179
2,328,5518551
2,329,3227929
2,330,2713221
2,331,6770152
2,332,2940240
2,333,2783629
2,334,3371794
2,335,3667116
2,336,2891389
2,337,2495414
2,338,1887094
2,339,7921962
2,340,2437253
2,341,2001535
2,342,1861206
2,343,2471754
2,344,2208056
2,345,2818064
2,346,2069908
2,347,2791167
2,348,1988348
2,349,2074123
2,350,2348549
2,351,2939830
2,352,6003788
2,353,3451419
2,354,2289218
2,355,5949944
2,356,6177625
2,357,5470240
2,358,1836483
2,359,2482290
2,360,2566535
2,361,1713656
2,362,3949920
2,363,2971296
2,364,2625358
2,365,4373658
2,366,2755163
2,367,3071512
2,368,2993397
2,369,4505268
2,370,2157625
2,371,2982356
2,372,3592999
2,373,7604664
2,374,3178168
2,375,4241972
2,376,2986646
2,377,2512492
2,378,2314115
2,379,3445271
2,380,3837581
2,381,2912313
2,382,2086084
2,383,2424104
2,384,3047801
2,385,2700615
2,386,2234842
2,387,2620678
2,388,2534303
2,389,3610597
2,390,2702138
2,391,4085318
2,392,2490971
2,393,2233528
2,394,2687095
2,395,3398751
2,396,2403418
2,397,3274907
2,398,2928194
2,399,3572100
2,400,2292751
2,401,3645920
2,402,1941057
2,403,3376390
2,404,2946299
2,405,1787652
2,406,1542060
2,407,2798867
2,408,2075778
2,409,1615509
2,410,1789827
2,411,2972792
2,412,2058575
2,413,1591531
2,414,1908073
2,415,2555613
2,416,4339010
2,417,1899676
2,418,1703999
2,419,3144911
2,420,2086167
2,421,2901039
2,422,1667523
2,423,3425931
2,424,2280271
2,425,2295185
2,426,2791392
2,427,2462655
2,428,2568241
2,429,2504005
2,430,5113586
2,431,2540453
2,432,2351834
2,433,1903697
2,434,5631664
2,435,2493598
2,436,2416262
2,437,3205250
2,438,3890120
2,439,3525159
2,440,2789248
2,441,7258983
2,442,3966809
2,443,4522520
2,444,2446008
2,445,6064851
2,446,2425496
2,447,2776211
2,448,5456801
2,449,8804600
2,450,1970821
2,451,2230786
2,452,2538040
2,453,1793265
2,454,1880819
2,455,3428463
2,456,2883489
2,457,2430226
2,458,2416244
2,459,2883931
2,460,2666377
2,461,3318351
2,462,3593335
2,463,2565394
2,464,2384332
2,465,1986209
2,466,2417316
2,467,2895407
2,468,3264420
2,469,2084414
2,470,8028050
2,471,3771095
2,472,3137336
2,473,1741013
2,474,2504252
2,475,11704728
2,476,2687133
2,477,16692035
2,478,3338994
2,479,8433783
2,480,2924277
2,481,3284064
2,482,4698093
2,483,3173235
2,484,2385328
2,485,10521969
2,486,2315349
2,487,2976674
2,488,2466324
2,489,1968526
2,490,1603184
2,491,3910052
2,492,2111247
2,493,2015452
2,494,1682165
2,495,2132303
2,496,1961444
2,497,1627228
2,498,1728117
2,499,2417110
2,500,2692380
2,501,1956421
2,502,1377563
2,503,2031930
2,504,1892130
2,505,1627987
2,506,2186098
2,507,2208620
2,508,2136991
2,509,2434597
2,510,1584226
2,511,2868019
2,512,2300402
2,513,1929206
2,514,1888557
2,515,2818320
2,516,11065420
2,517,2234954
2,518,3572535
2,519,4097571
2,520,2534196
2,521,2418700
2,522,2100257
2,523,4621811
2,524,4999015
2,525,3144441
2,526,2071418
2,527,4352745
2,528,2422742
2,529,2785336
2,530,1955065
2,531,2918707
2,532,2022695
2,533,2315316
2,534,1952032
2,535,2815224
2,536,2235232
2,537,2029913
2,538,2682772
2,539,2912179
2,540,2938069
2,541,3364095
2,542,2443674
2,543,2672209
2,544,2248986
2,545,3828448
2,546,2251697
2,547,3012941
2,548,3250006
2,549,2019072
2,550,2387410
2,551,2893794
2,552,2865735
2,553,1794335
2,554,1750110
2,555,2589565
2,556,2388099
2,557,1499297
2,558,1677535
2,559,2188749
2,560,2004448
2,561,1582472
2,562,1775403
2,563,2715369
2,564,2879296
2,565,1806456
2,566,2384534
2,567,2415309
2,568,2141338
2,569,2132250
2,570,1893448
2,571,3130726
2,572,2308804
2,573,2007262
2,574,1962166
2,575,2594529
2,576,1948836
2,577,1590566
2,578,1870355
2,579,2351335
2,580,2701382
2,581,2328716
2,582,1681573
2,583,2686164
2,584,11031393
2,585,1991791
2,586,2224462
2,587,2610110
2,588,2591797
2,589,1707002
2,590,1583471
2,591,3060866
2,592,2177769
2,593,2155304
2,594,1677408
2,595,2357140
2,596,2459755
2,597,2976810
2,598,2439687
2,599,2477552
2,600,2502762
2,601,2075883
2,602,1719336
2,603,2164622
2,604,2157810
2,605,2784240
2,606,1764219
2,607,2377223
2,608,2638185
2,609,2208625
2,610,2996176
2,611,2659416
2,612,2360386
2,613,1606800
2,614,3299267
2,615,2760162
2,616,2295742
2,617,1947613
2,618,1830836
2,619,3037596
2,620,2092371
2,621,2035449
2,622,1843361
2,623,2754857
2,624,2982314
2,625,1760820
2,626,1654155
2,627,2224568
2,628,2355656
2,629,2084886
2,630,1593367
2,631,2505119
2,632,2785754
2,633,1512459
2,634,1592131
2,635,2561375
2,636,2457829
2,637,1788991
2,638,1679561
2,639,2316186
2,640,2989432
2,641,1945064
2,642,1556179
2,643,2752767
2,644,2544977
2,645,1690956
2,646,1959323
2,647,2905851
2,648,9652564
2,649,4784518
2,650,3173091
2,651,5651338
2,652,2280062
2,653,7061587
2,654,1907429
2,655,4075666
2,656,3963372
2,657,4370241
2,658,2869192
2,659,2377779
2,660,3501044
2,661,1739821
2,662,1863256
2,663,12553117
2,664,2109697
2,665,2201407
2,666,2238631
2,667,2592998
2,668,3108318
2,669,2498983
2,670,2986913
2,671,2869311
2,672,2163923
2,673,2260402
2,674,1768466
2,675,2676689
2,676,2006697
2,677,1441002
2,678,1277430
2,679,3426836
2,680,2081230
2,681,1952944
2,682,1528374
2,683,2584360
2,684,2069584
2,685,9128978
2,686,2231934
2,687,2647195
2,688,2622061
2,689,2056924
2,690,1746585
2,691,2629415
2,692,3008431
2,693,2712677
2,694,1742626
2,695,2980251
2,696,2547493
2,697,1532026
2,698,1671069
2,699,2312764
2,700,2501308
2,701,1934110
2,702,1575919
2,703,2914700
2,704,2123410
2,705,1914365
2,706,1763602
2,707,2482328
2,708,2388734
2,709,2748062
2,710,2126422
2,711,2483445
2,712,3155466
2,713,1827345
2,714,1798946
2,715,2844828
2,716,2211366
2,717,1637788
2,718,1874702
2,719,3898455
2,720,2978526
2,721,2685685
2,722,2831509
2,723,3096641
2,724,2699999
2,725,2429389
2,726,2691512
2,727,2683478
2,728,2224065
2,729,1586810
2,730,1921796
2,731,2062787
2,732,10389731
2,733,2888882
2,734,2354499
2,735,3168251
2,736,2439810
2,737,1882218
2,738,2015673
2,739,2854933
2,740,3543159
2,741,1570452
2,742,1691749
2,743,2208916
2,744,2354483
2,745,1809540
2,746,2114746
2,747,3602890
2,748,2098169
2,749,1622004
2,750,1755592
2,751,3126724
2,752,2485643
2,753,1614888
2,754,3964668
2,755,2829488
2,756,2404269
2,757,1965569
2,758,1560267
2,759,2500434
2,760,2480503
2,761,1937453
2,762,1586512
2,763,2526355
2,764,2461515
2,765,1599311
2,766,1398998
2,767,2300037
2,768,2608088
2,769,1544530
2,770,1770225
2,771,2281825
2,772,2752005
2,773,1475811
2,774,1898731
2,775,2551407
2,776,2636623
2,777,1770683
2,778,2032960
2,779,2901084
2,780,2706888
2,781,1863621
2,782,1736984
2,783,2776440
2,784,2230332
2,785,1388797
2,786,2930235
2,787,2753259
2,788,2193600
2,789,1771306
2,790,1960739
2,791,2988694
2,792,3163532
2,793,2579844
2,794,2220358
2,795,2681306
2,796,10239855
2,797,1860433
2,798,2107525
2,799,2729592
2,800,3665442
2,801,4802574
2,802,2461092
2,803,3464290
2,804,2723466
2,805,3598720
2,806,2391379
2,807,3442051
2,808,3038960
2,809,1923742
2,810,2461309
2,811,2847257
2,812,3837062
2,813,3751378
2,814,3751217
2,815,3433258
2,816,3571964
2,817,2090557
2,818,1640925
2,819,3434263
2,820,2750137
2,821,1981222
2,822,2285956
2,823,2160335
2,824,4213916
2,825,1478492
2,826,4952680
2,827,2751478
2,828,3460462
2,829,1837880
2,830,2012610
2,831,2569340
2,832,2220547
2,833,2649857
2,834,8553547
2,835,3313798
2,836,7531272
2,837,2991448
2,838,2246702
2,839,3698012
2,840,2503168
2,841,4682927
2,842,2286391
2,843,3207174
2,844,2160910
2,845,2047957
2,846,2124505
2,847,2674477
2,848,1863149
2,849,1553780
2,850,1663734
2,851,5343452
2,852,2461582
2,853,1369871
2,854,1984724
2,855,3214511
2,856,2421166
2,857,1865421
2,858,1718408
2,859,2565526
2,860,1988598
2,861,1786768
2,862,1716829
2,863,2806445
2,864,3464924
2,865,1650242
2,866,2116099
2,867,3204454
2,868,2831689
2,869,1777198
2,870,2344632
2,871,3362201
2,872,2229502
2,873,2110631
2,874,1983388
2,875,3143034
2,876,2592381
2,877,1865183
2,878,2285417
2,879,2848985
2,880,2789171
2,881,3007614
2,882,2055824
2,883,3377349
2,884,2775675
2,885,5979512
2,886,3086272
2,887,9027173
2,888,4134734
2,889,1800000
2,890,2376255
2,891,2278137
2,892,6246805
2,893,3104899
2,894,3670398
2,895,5474778
2,896,3055986
2,897,2211648
2,898,2459918
2,899,3179805
2,900,2570113
2,901,2281913
2,902,2861843
2,903,4494022
2,904,2553297
2,905,5995761
2,906,2350937
2,907,3154033
2,908,2396473
2,909,3582902
2,910,2216864
2,911,2685769
2,912,2540883
2,913,2273960
2,914,2003338
2,915,2429696
2,916,2329987
2,917,3615018
2,918,1915832
2,919,5035008
2,920,2888801
2,921,1649015
2,922,3734067
2,923,2742781
2,924,2712570
2,925,2599186
2,926,30246474
2,927,3716349
2,928,6926108
2,929,2920393
2,930,3223362
2,931,2732767
2,932,2839590
2,933,2340925
2,934,2067520
2,935,4187779
2,936,3039993
2,937,2031747
2,938,1953036
2,939,2978937
2,940,2969235
2,941,18564089
2,942,3564440
2,943,5905034
2,944,2420897
2,945,2280238
2,946,2574437
2,947,4045018
2,948,2977517
2,949,2120834
2,950,3247941
2,951,3718032
2,952,2508516
2,953,2789682
2,954,1831554
2,955,2901957
2,956,2613024
2,957,2402106
2,958,2624719
2,959,2358271
2,960,2421626
2,961,1678089
2,962,2529434
2,963,2653948
2,964,3383050
2,965,1806232
2,966,1679850
2,967,3422171
2,968,2111547
2,969,2461316
2,970,1819316
2,971,2194459
2,972,4814079
2,973,3163913
2,974,1733558
2,975,3705696
2,976,3876492
2,977,3151048
2,978,2249850
2,979,3179692
2,980,3706986
2,981,2191944
2,982,3238094
2,983,3006406
2,984,2303997
2,985,1860567
2,986,1926860
2,987,3435380
2,988,3224049
2,989,2212561
2,990,2297878
2,991,2132437
2,992,2116772
2,993,1642705
2,994,2129765
2,995,2858032
2,996,2878860
2,997,2191038
2,998,1695455
2,999,3851950
2,1000,2398942
3,1,5053646
3,2,5954786
3,3,9677620
3,4,5467425
3,5,4398288
3,6,4146760
3,7,5354916
3,8,6467146
3,9,1858053
3,10,4221551
3,11,3024168
3,12,3939040
3,13,6462779
3,14,5325909
3,15,4148480
3,16,3397721
3,17,3606481
3,18,5638999
3,19,4185451
3,20,3712927
3,21,31400675
3,22,3127729
3,23,2839804
3,24,4027437
3,25,3193725
3,26,2649900
3,27,5044184
3,28,2473304
3,29,3574154
3,30,5983256
3,31,4369994
3,32,3000065
3,33,12542211
3,34,4961289
3,35,5607755
3,36,7935030
3,37,2910114
3,38,7210670
3,39,6744731
3,40,8850385
3,41,3593753
3,42,6043479
3,43,6009963
3,44,3987226
3,45,2974866
3,46,3174628
3,47,3594986
3,48,4068309
3,49,5440592
3,50,4339741
3,51,4375933
3,52,3619995
3,53,2957572
3,54,5249136
3,55,8970100
3,56,3188248
3,57,3620185
3,58,4437947
3,59,3924599
3,60,2976522
3,61,3973004
3,62,13912483
3,63,4829155
3,64,2886511
3,65,2970276
3,66,5518913
3,67,2997110
3,68,3344985
3,69,2289207
3,70,3229680
3,71,6320001
3,72,4595633
3,73,2758222
3,74,2304933
3,75,2791865
3,76,7225563
3,77,2421319
3,78,12775410
3,79,2584429
3,80,3124255
3,81,1887995
3,82,2338365
3,83,2136961
3,84,2968271
3,85,1632172
3,86,1974155
3,87,2321980
3,88,2058307
3,89,1743871
3,90,1487949
3,91,2269605
3,92,2711003
3,93,2977112
3,94,2797321
3,95,3572111
3,96,3350666
3,97,7982704
3,98,2643999
3,99,2824830
3,100,2272569
3,101,2412265
3,102,1675282
3,103,3355890
3,104,2456805
3,105,1958431
3,106,2744209
3,107,2385009
3,108,2577182
3,109,1836954
3,110,1939215
3,111,2272547
3,112,5934690
3,113,1743282
3,114,3913557
3,115,2647329
3,116,2691368
3,117,1569076
3,118,2232179
3,119,2619908
3,120,2658287
3,121,3128604
3,122,2301396
3,123,2566491
3,124,3156257
3,125,9597255
3,126,2368562
3,127,3177402
3,128,9539672
3,129,2293558
3,130,2318444
3,131,4045020
3,132,3980434
3,133,3657137
3,134,1947039
3,135,3987618
3,136,10781978
3,137,1673920
3,138,2275564
3,139,2725539
3,140,6873176
3,141,2134666
3,142,2348192
3,143,2509598
3,144,3715201
3,145,1872506
3,146,1825867
3,147,6106050
3,148,2570352
3,149,1467104
3,150,1772699
3,151,3168616
3,152,3053184
3,153,1944963
3,154,1466918
3,155,2883323
3,156,2543783
3,157,1823628
3,158,1458633
3,159,2388451
3,160,3874166
3,161,2012593
3,162,1410885
3,163,2294066
3,164,1834511
3,165,3080134
3,166,2164202
3,167,2493918
3,168,2487024
3,169,1410660
3,170,5031534
3,171,2683398
3,172,3389159
3,173,1897981
3,174,1758318
3,175,2452353
3,176,2650168
3,177,1407229
3,178,1680401
3,179,2584454
3,180,3224349
3,181,1568256
3,182,1896641
3,183,2216197
3,184,2081243
3,185,1663201
3,186,1676489
3,187,2382950
3,188,2061598
3,189,2286196
3,190,1912430
3,191,2413864
3,192,3006331
3,193,1774793
3,194,1919466
3,195,2415493
3,196,2878892
3,197,2235142
3,198,2026786
3,199,3732263
3,200,2715862
3,201,1966721
3,202,2283399
3,203,2529600
3,204,2465125
3,205,2289667
3,206,3227221
3,207,2487365
3,208,6108529
3,209,1549830
3,210,2502680
3,211,5479930
3,212,3053140
3,213,3039142
3,214,1919127
3,215,3107673
3,216,2509648
3,217,1691275
3,218,1971914
3,219,2966922
3,220,2659538
3,221,1520046
3,222,1977256
3,223,3194081
3,224,3379996
3,225,5288409
3,226,1812854
3,227,3932825
3,228,2434972
3,229,1909405
3,230,2267889
3,231,3175579
3,232,1941305
3,233,1816275
3,234,1628820
3,235,2522579
3,236,2066663
3,237,1563689
3,238,1790469
3,239,2501311
3,240,2598424
3,241,1606395
3,242,2085569
3,243,3000889
3,244,2541772
3,245,2117577
3,246,1592230
3,247,2932979
3,248,4413113
3,249,1879338
3,250,2275304
3,251,2869972
3,252,7748108
3,253,2158119
3,254,2035968
3,255,2873073
3,256,3097093
3,257,2357490
3,258,2213620
3,259,2443475
3,260,2282520
3,261,1756302
3,262,2222848
3,263,2223886
3,264,2719393
3,265,3344515
3,266,2597856
3,267,2426866
3,268,3625698
3,269,1651266
3,270,2081759
3,271,6868822
3,272,2900362
3,273,1697913
3,274,2037348
3,275,2672951
3,276,2944102
3,277,1704866
3,278,2398944
3,279,6912896
3,280,2352693
3,281,1925783
3,282,2092680
3,283,5825859
3,284,2540018
3,285,2063314
3,286,2491157
3,287,2800888
3,288,4762160
3,289,2680073
3,290,2309640
3,291,3990209
3,292,2526780
3,293,2411917
3,294,2234605
3,295,2312351
3,296,3673278
3,297,2943133
3,298,2487019
3,299,2773574
3,300,5323031
3,301,2397269
3,302,1868836
3,303,3209167
3,304,2327325
3,305,2459190
3,306,1990105
3,307,3460249
3,308,5095238
3,309,2003272
3,310,2654402
3,311,4599405
3,312,2185180
3,313,2314817
3,314,2759272
3,315,2996229
3,316,4532844
3,317,1684368
3,318,2418629
3,319,3526002
3,320,3430449
3,321,1567750
3,322,2096676
3,323,2675525
3,324,5620317
3,325,2085258
3,326,4816317
3,327,2863598
3,328,2165527
3,329,1706796
3,330,2054043
3,331,2556098
3,332,2568475
3,333,2007660
3,334,2096483
3,335,2837908
3,336,2386129
3,337,1595142
3,338,1711788
3,339,2391776
3,340,2529714
3,341,2638725
3,342,2344747
3,343,2271199
3,344,6320371
3,345,2274727
3,346,2973169
3,347,11188886
3,348,3941261
3,349,3896002
3,350,2241739
3,351,2655747
3,352,3006206
3,353,2214033
3,354,7035984
3,355,3698770
3,356,2907654
3,357,1582785
3,358,1803083
3,359,2736466
3,360,2582826
3,361,2478692
3,362,3077775
3,363,2715672
3,364,2216059
3,365,1985913
3,366,1568017
3,367,2458030
3,368,2086796
3,369,1883849
3,370,8279738
3,371,5708765
3,372,2913627
3,373,3612494
3,374,2112924
3,375,3030056
3,376,2347097
3,377,5031455
3,378,2013696
3,379,4162612
3,380,3368057
3,381,1982217
3,382,2053030
3,383,3507292
3,384,2118698
3,385,2748299
3,386,1788009
3,387,2795796
3,388,2434884
3,389,2155627
3,390,1736824
3,391,2462470
3,392,2371513
3,393,2185325
3,394,4475835
3,395,2725253
3,396,2069709
3,397,2301669
3,398,1765059
3,399,3020505
3,400,2508131
3,401,2002583
3,402,2410053
3,403,3307493
3,404,2943567
3,405,3619837
3,406,1999225
3,407,2630917
3,408,2470616
3,409,3784905
3,410,2124763
3,411,2680451
3,412,2123376
3,413,2178708
3,414,2331904
3,415,2353617
3,416,2541797
3,417,2690245
3,418,2084529
3,419,2694369
3,420,2853428
3,421,2396451
3,422,2154315
3,423,2341704
3,424,2555205
3,425,1425424
3,426,1725315
3,427,2604531
3,428,3568534
3,429,1781760
3,430,1516245
3,431,2627935
3,432,2583799
3,433,2270147
3,434,1675815
3,435,2594895
3,436,2252756
3,437,2352737
3,438,9166091
3,439,2490614
3,440,2570479
3,441,2389907
3,442,1990245
3,443,2304067
3,444,2194926
3,445,2289959
3,446,1870851
3,447,2466840
3,448,2386409
3,449,5444604
3,450,4537270
3,451,3706630
3,452,5862551
3,453,2946975
3,454,4014062
3,455,3295543
3,456,4238420
3,457,2346759
3,458,2351933
3,459,2869531
3,460,3135059
3,461,2242554
3,462,3445293
3,463,2976028
3,464,2778377
3,465,2358347
3,466,1825571
3,467,2938345
3,468,2473399
3,469,1736158
3,470,1888855
3,471,2534853
3,472,2843904
3,473,1691254
3,474,1685189
3,475,3388784
3,476,2252612
3,477,1614496
3,478,1562007
3,479,2849554
3,480,3215164
3,481,2342501
3,482,1779939
3,483,3016334
3,484,2156130
3,485,1650406
3,486,1865241
3,487,2883113
3,488,2401481
3,489,1657931
3,490,1773833
3,491,2329279
3,492,2495353
3,493,1725116
3,494,2104946
3,495,1939466
3,496,2292654
3,497,2676824
3,498,1528798
3,499,7237841
3,500,2094219
3,501,1678682
3,502,2080052
3,503,3907530
3,504,2076754
3,505,2644774
3,506,2285623
3,507,2366338
3,508,2125494
3,509,1962031
3,510,2590977
3,511,2233134
3,512,2510072
3,513,1934180
3,514,1595849
3,515,2533538
3,516,2405724
3,517,2043485
3,518,2088972
3,519,2564124
3,520,3248676
3,521,2097508
3,522,2188704
3,523,2712593
3,524,2749477
3,525,1532535
3,526,2821604
3,527,2196332
3,528,2625083
3,529,2860046
3,530,1828954
3,531,2587793
3,532,2383475
3,533,2404008
3,534,1959055
3,535,3055288
3,536,2996536
3,537,1861991
3,538,1592663
3,539,3683732
3,540,3012775
3,541,1847458
3,542,1789499
3,543,2499214
3,544,3105404
3,545,2025267
3,546,1751253
3,547,3125642
3,548,2662850
3,549,7220516
3,550,2532810
3,551,2493360
3,552,3834538
3,553,1953208
3,554,2078841
3,555,2468720
3,556,2453597
3,557,1650709
3,558,1556285
3,559,2207299
3,560,2202448
3,561,1518983
3,562,1519290
3,563,2155805
3,564,2635510
3,565,1433323
3,566,1896892
3,567,2383857
3,568,2198140
3,569,1400894
3,570,2085087
3,571,2129147
3,572,2830932
3,573,3139113
3,574,2385277
3,575,2278595
3,576,3144581
3,577,1439067
3,578,2501629
3,579,2404747
3,580,3366101
3,581,2256202
3,582,2905604
3,583,2912601
3,584,7885756
3,585,4204878
3,586,1829514
3,587,2489647
3,588,3019472
3,589,2876240
3,590,2423176
3,591,2713670
3,592,2799629
3,593,2054716
3,594,2172154
3,595,2775410
3,596,2136393
3,597,3017522
3,598,3742363
3,599,3170808
3,600,3318935
3,601,2338112
3,602,4504874
3,603,3648093
3,604,2471702
3,605,5085012
3,606,2819137
3,607,2445383
3,608,3088795
3,609,3217145
3,610,3305487
3,611,2239744
3,612,3264758
3,613,3887621
3,614,1933994
3,615,2245459
3,616,2872039
3,617,1636204
3,618,2331694
3,619,2422954
3,620,2903154
3,621,2510632
3,622,2631771
3,623,2506854
3,624,2783193
3,625,1764672
3,626,2522738
3,627,2060587
3,628,2632300
3,629,3398818
3,630,2695607
3,631,2465733
3,632,2725127
3,633,3686316
3,634,2435922
3,635,2547626
3,636,2575408
3,637,2259990
3,638,2362227
3,639,6032410
3,640,2726299
3,641,1610172
3,642,1808853
3,643,2692901
3,644,2440203
3,645,1658233
3,646,1859844
3,647,2360260
3,648,2142583
3,649,1877218
3,650,1563950
3,651,2323594
3,652,2014172
3,653,2143770
3,654,2088236
3,655,2627562
3,656,2157074
3,657,1619769
3,658,1865640
3,659,3676053
3,660,1860049
3,661,1985262
3,662,1747113
3,663,2225577
3,664,2512789
3,665,1578021
3,666,2742453
3,667,2565293
3,668,2622269
3,669,2206168
3,670,1859250
3,671,2512644
3,672,2141157
3,673,1655938
3,674,1960375
3,675,2648431
3,676,2958291
3,677,1469462
3,678,3189015
3,679,2645869
3,680,2155255
3,681,1655546
3,682,2868955
3,683,2307202
3,684,6154476
3,685,2643176
3,686,1835599
3,687,2140093
3,688,4386587
3,689,1830108
3,690,2266684
3,691,2276093
3,692,2473372
3,693,1893197
3,694,1947157
3,695,2595471
3,696,3020243
3,697,1959731
3,698,2129730
3,699,2421371
3,700,3385216
3,701,1975297
3,702,3699185
3,703,2530208
3,704,2752569
3,705,4146412
3,706,1825261
3,707,3123116
3,708,2520188
3,709,4486053
3,710,2292921
3,711,3448997
3,712,3915408
3,713,3053630
3,714,2336068
3,715,2458227
3,716,3398809
3,717,1777934
3,718,1958122
3,719,2509791
3,720,2522214
3,721,2213212
3,722,1896955
3,723,2351756
3,724,2090669
3,725,1690408
3,726,2922829
3,727,2309235
3,728,4375396
3,729,1851739
3,730,2236519
3,731,3529310
3,732,3208686
3,733,1833843
3,734,2448880
3,735,2610685
3,736,2073852
3,737,1543709
3,738,2353910
3,739,2599840
3,740,2888421
3,741,1595810
3,742,2067432
3,743,2290509
3,744,2062675
3,745,1853340
3,746,1882563
3,747,2358520
3,748,2115493
3,749,1512825
3,750,4029202
3,751,2440565
3,752,2043655
3,753,1661660
3,754,2049672
3,755,2502925
3,756,1937259
3,757,1820432
3,758,2173023
3,759,2327751
3,760,1965152
3,761,2392929
3,762,2327568
3,763,2113432
3,764,2537872
3,765,2031999
3,766,1908974
3,767,2573542
3,768,5453279
3,769,1617136
3,770,1730025
3,771,3071372
3,772,2455875
3,773,2297593
3,774,1445805
3,775,2534263
3,776,2005518
3,777,1808806
3,778,1545936
3,779,6546272
3,780,2392646
3,781,3681148
3,782,1918746
3,783,2471627
3,784,2027645
3,785,2017527
3,786,1764778
3,787,3827007
3,788,2420887
3,789,2050912
3,790,5816773
3,791,4662991
3,792,2812648
3,793,1647394
3,794,2421378
3,795,3482875
3,796,2687090
3,797,3393996
3,798,1852503
3,799,2836779
3,800,2295879
3,801,1990217
3,802,4631656
3,803,2513731
3,804,2510114
3,805,1674133
3,806,2066891
3,807,2320100
3,808,2515138
3,809,1545540
3,810,1832172
3,811,2779723
3,812,2702905
3,813,1925781
3,814,2030780
3,815,2548907
3,816,15491797
3,817,1980104
3,818,2057946
3,819,2454812
3,820,2423951
3,821,1869590
3,822,3366347
3,823,3342998
3,824,2154199
3,825,1809953
3,826,5457911
3,827,2470611
3,828,2388465
3,829,2431066
3,830,1527256
3,831,2228714
3,832,1931435
3,833,1651603
3,834,2176442
3,835,2295056
3,836,2462227
3,837,1829433
3,838,2373092
3,839,2085411
3,840,2754660
3,841,6205838
3,842,6033132
3,843,2571152
3,844,2658857
3,845,1914847
3,846,2394832
3,847,2435668
3,848,2441593
3,849,1879434
3,850,1681164
3,851,2202110
3,852,1997708
3,853,2115041
3,854,2724602
3,855,2459181
3,856,2589731
3,857,1666014
3,858,2200170
3,859,9942098
3,860,2600272
3,861,2479489
3,862,2052373
3,863,2433045
3,864,2559374
3,865,1906051
3,866,1828778
3,867,10487093
3,868,2961711
3,869,3315180
3,870,2412564
3,871,14808829
3,872,3034090
3,873,5489284
3,874,2312947
3,875,3239190
3,876,2247311
3,877,3216687
3,878,1752354
3,879,3240573
3,880,2615029
3,881,2091480
3,882,3887665
3,883,2868657
3,884,2789599
3,885,2856584
3,886,1798285
3,887,3005708
3,888,2390199
3,889,1949914
3,890,1863591
3,891,2750294
3,892,2992425
3,893,1462411
3,894,1921325
3,895,2306516
3,896,2246004
3,897,2795432
3,898,1907314
3,899,2388959
3,900,2515768
3,901,1503501
3,902,1643254
3,903,2698183
3,904,2723731
3,905,2564104
3,906,2180568
3,907,2977345
3,908,2223303
3,909,1969507
3,910,2135099
3,911,2490579
3,912,3309653
3,913,6079610
3,914,1955912
3,915,2623935
3,916,2675184
3,917,2942922
3,918,3302425
3,919,2424899
3,920,26036154
3,921,2332626
3,922,3198750
3,923,2458938
3,924,3200095
3,925,2583609
3,926,4532566
3,927,2633476
3,928,5537470
3,929,2526889
3,930,2055203
3,931,2405957
3,932,3682080
3,933,2100060
3,934,2776552
3,935,2299014
3,936,2027217
3,937,3283118
3,938,1814809
3,939,2330230
3,940,6608871
3,941,2946841
3,942,2362436
3,943,3523889
3,944,5004923
3,945,2383318
3,946,3084122
3,947,14485748
3,948,3073439
3,949,1750860
3,950,2838612
3,951,2048516
3,952,4506125
3,953,2852297
3,954,2354748
3,955,2358303
3,956,2253635
3,957,1644095
3,958,2512254
3,959,4155827
3,960,2985390
3,961,3439323
3,962,3737157
3,963,2864006
3,964,2439480
3,965,4700149
3,966,3084510
3,967,3601303
3,968,3615248
3,969,2756956
3,970,3489293
3,971,2583994
3,972,2085642
3,973,1453422
3,974,2164047
3,975,2557820
3,976,2803985
3,977,2057029
3,978,2296018
3,979,3861160
3,980,2286535
3,981,3540095
3,982,2818568
3,983,2755422
3,984,6410463
3,985,2974709
3,986,2307717
3,987,3163266
3,988,3052922
3,989,2359354
3,990,2144077
3,991,3065090
3,992,2304370
3,993,1452771
3,994,1673330
3,995,2133546
3,996,2614323
3,997,2272666
3,998,1888392
3,999,3014482
3,1000,2420256
4,1,5441693
4,2,4512833
4,3,7063439
4,4,3579477
4,5,3939946
4,6,3720920
4,7,17422759
4,8,5827938
4,9,3138283
4,10,4376805
4,11,3891520
4,12,3756938
4,13,6270200
4,14,2520938
4,15,9452283
4,16,3288613
4,17,3142245
4,18,4704452
4,19,3630345
4,20,2410814
4,21,4030904
4,22,4362055
4,23,3924616
4,24,1962117
4,25,2717120
4,26,6015256
4,27,3362044
4,28,2480395
4,29,7245203
4,30,5744017
4,31,7935048
4,32,6913941
4,33,4786380
4,34,4377191
4,35,4372745
4,36,3529022
4,37,8017873
4,38,8017014
4,39,3692669
4,40,5000028
4,41,4655824
4,42,7206668
4,43,5103005
4,44,3307425
4,45,3815710
4,46,2711814
4,47,4254403
4,48,2692216
4,49,6749421
4,50,5280000
4,51,6913008
4,52,6751474
4,53,3469512
4,54,4038788
4,55,3229480
4,56,2995494
4,57,4862558
4,58,3806561
4,59,7929673
4,60,3590879
4,61,10261526
4,62,5516078
4,63,3758278
4,64,5393299
4,65,6391562
4,66,2744690
4,67,2496646
4,68,3933913
4,69,3271272
4,70,6761197
4,71,4698990
4,72,15076120
4,73,2287521
4,74,8010251
4,75,4927711
4,76,9238831
4,77,8451320
4,78,2720177
4,79,4300255
4,80,4281005
4,81,3561986
4,82,1715586
4,83,3520978
4,84,2631674
4,85,4989991
4,86,4774077
4,87,3370768
4,88,2833689
4,89,14490057
4,90,4257143
4,91,3230012
4,92,3368114
4,93,4134206
4,94,8482374
4,95,3250144
4,96,11927420
4,97,3600829
4,98,2567324
4,99,4648885
4,100,3834624
4,101,6857907
4,102,7669559
4,103,11547990
4,104,3174861
4,105,5564034
4,106,2221426
4,107,12595881
4,108,8408174
4,109,4497849
4,110,2322203
4,111,3364915
4,112,5937052
4,113,5413002
4,114,3908429
4,115,4636920
4,116,3488077
4,117,11034720
4,118,6406416
4,119,5878923
4,120,3065529
4,121,7290056
4,122,3002769
4,123,3741126
4,124,3323736
4,125,7511808
4,126,3806696
4,127,4528447
4,128,4230322
4,129,20984679
4,130,16281865
4,131,10228543
4,132,5226510
4,133,12667312
4,134,3266137
4,135,3787549
4,136,3376388
4,137,5030851
4,138,3713272
4,139,3014460
4,140,5687543
4,141,9655819
4,142,4017424
4,143,7473849
4,144,2398358
4,145,5498694
4,146,3362880
4,147,3023151
4,148,4009847
4,149,5774281
4,150,3590116
4,151,5672791
4,152,2812824
4,153,2418278
4,154,2723916
4,155,2620525
4,156,2803608
4,157,3852612
4,158,1969870
4,159,3374786
4,160,3003603
4,161,2938688
4,162,1877871
4,163,6595040
4,164,2890103
4,165,4726026
4,166,3622362
4,167,2642044
4,168,3346460
4,169,3794743
4,170,2403906
4,171,3613615
4,172,3300368
4,173,1954585
4,174,5015941
4,175,4728647
4,176,2743781
4,177,2759481
4,178,2429039
4,179,3611264
4,180,2682038
4,181,2299117
4,182,2464726
4,183,2297648
4,184,3011910
4,185,2220036
4,186,1806618
4,187,5291678
4,188,4601679
4,189,1736644
4,190,6404661
4,191,9410721
4,192,3735471
4,193,4002151
4,194,3448306
4,195,4764465
4,196,2883414
4,197,1988266
4,198,2777725
4,199,8491776
4,200,2872681
4,201,2751336
4,202,2154799
4,203,5912417
4,204,2122806
4,205,1758768
4,206,1752542
4,207,7218421
4,208,2949780
4,209,3981545
4,210,3437662
4,211,2585275
4,212,2672603
4,213,5140422
4,214,3407660
4,215,2856534
4,216,2305532
4,217,2454865
4,218,3139270
4,219,3994872
4,220,2811752
4,221,3357995
4,222,2492777
4,223,3068211
4,224,3183328
4,225,1911521
4,226,3042752
4,227,4069273
4,228,2749620
4,229,2043801
4,230,2758529
4,231,3092345
4,232,2007050
4,233,2346454
4,234,1872852
4,235,3130532
4,236,2191649
4,237,1833961
4,238,2266952
4,239,2980742
4,240,2271067
4,241,1847371
4,242,1675165
4,243,2578238
4,244,2695802
4,245,1706807
4,246,1773295
4,247,2166283
4,248,2500727
4,249,1646401
4,250,1676120
4,251,2239376
4,252,2225698
4,253,1991582
4,254,1650204
4,255,2299342
4,256,1944368
4,257,3221667
4,258,2564038
4,259,2413565
4,260,2933790
4,261,3281159
4,262,4029535
4,263,2725115
4,264,2445267
4,265,3649923
4,266,2456130
4,267,2486850
4,268,2178497
4,269,2380215
4,270,2821583
4,271,2373226
4,272,2843047
4,273,2283038
4,274,2497492
4,275,4230884
4,276,2704058
4,277,2659042
4,278,2664049
4,279,2615710
4,280,3000028
4,281,2179135
4,282,3566758
4,283,2982992
4,284,2799402
4,285,3197770
4,286,1931572
4,287,2418312
4,288,2578870
4,289,2760412
4,290,2261749
4,291,2326410
4,292,3230443
4,293,2814204
4,294,2429804
4,295,2292183
4,296,2320666
4,297,2482264
4,298,2620109
4,299,2818907
4,300,2567728
4,301,1972139
4,302,1973690
4,303,2891813
4,304,2858495
4,305,1829718
4,306,2405251
4,307,2667350
4,308,2375618
4,309,2983317
4,310,1555939
4,311,3563943
4,312,2485848
4,313,2540479
4,314,1962469
4,315,2579034
4,316,2569890
4,317,1834684
4,318,2344623
4,319,3497624
4,320,2306824
4,321,6020186
4,322,2550596
4,323,3085937
4,324,3927136
4,325,2407937
4,326,1982113
4,327,2512631
4,328,2547225
4,329,1807893
4,330,1535159
4,331,2222218
4,332,2593335
4,333,1809530
4,334,1879019
4,335,2578079
4,336,2349332
4,337,2754765
4,338,1814836
4,339,2403806
4,340,2312353
4,341,2100359
4,342,2267197
4,343,2538414
4,344,2454406
4,345,1651053
4,346,1900082
4,347,32259761
4,348,2658897
4,349,1651903
4,350,1916306
4,351,3060008
4,352,2285314
4,353,1941930
4,354,1971014
4,355,2515149
4,356,3041569
4,357,1595927
4,358,1506385
4,359,7324039
4,360,4320618
4,361,1839981
4,362,1932726
4,363,2777399
4,364,3321982
4,365,6880199
4,366,3368391
4,367,2907463
4,368,8675909
4,369,2211789
4,370,2587177
4,371,3054849
4,372,2358796
4,373,2022586
4,374,1944993
4,375,5534737
4,376,2682691
4,377,2962639
4,378,2753705
4,379,3084966
4,380,7578286
4,381,1833100
4,382,1889076
4,383,2457894
4,384,17930247
4,385,1626724
4,386,2923836
4,387,2727594
4,388,4594502
4,389,4227383
4,390,2512278
4,391,2711313
4,392,3445343
4,393,1630628
4,394,1960153
4,395,5924022
4,396,2503812
4,397,2093318
4,398,2552453
4,399,3182389
4,400,4326247
4,401,2945436
4,402,3747574
4,403,3177739
4,404,5348722
4,405,5158924
4,406,3810491
4,407,2577430
4,408,4182552
4,409,3449755
4,410,2811127
4,411,3401054
4,412,2666814
4,413,3738098
4,414,3213416
4,415,3104800
4,416,5685507
4,417,2853437
4,418,4276548
4,419,3048772
4,420,2415755
4,421,4232677
4,422,2394756
4,423,3201997
4,424,4758122
4,425,2316082
4,426,2090475
4,427,3048028
4,428,4017281
4,429,3386620
4,430,2437670
4,431,2450437
4,432,3001191
4,433,3159975
4,434,2199856
4,435,2981730
4,436,2281453
4,437,5738922
4,438,2269532
4,439,3478549
4,440,3335172
4,441,2060517
4,442,2189789
4,443,3981897
4,444,3689803
4,445,3221801
4,446,3023825
4,447,2731732
4,448,3840664
4,449,1780739
4,450,2394647
4,451,4142567
4,452,2914026
4,453,2501088
4,454,2680822
4,455,3095227
4,456,2942215
4,457,1784887
4,458,3043789
4,459,5899571
4,460,2268047
4,461,2423217
4,462,3891993
4,463,2694083
4,464,4406762
4,465,3337287
4,466,6597416
4,467,3193237
4,468,4143912
4,469,2672721
4,470,3428945
4,471,2447298
4,472,4040473
4,473,1816745
4,474,5997946
4,475,2683446
4,476,2578016
4,477,2072218
4,478,2432755
4,479,3441408
4,480,2977826
4,481,2485329
4,482,3044154
4,483,3584393
4,484,3819965
4,485,5264916
4,486,4770714
4,487,2618162
4,488,2754114
4,489,2514598
4,490,4464232
4,491,2859314
4,492,2677965
4,493,1953309
4,494,2339247
4,495,2810885
4,496,2433529
4,497,3097873
4,498,2806790
4,499,3181249
4,500,2299723
4,501,1607709
4,502,2513814
4,503,2895566
4,504,3033449
4,505,3861503
4,506,3373773
4,507,2807205
4,508,2055462
4,509,3586422
4,510,2030477
4,511,6076585
4,512,2973457
4,513,2451632
4,514,2944247
4,515,4371113
4,516,2695478
4,517,2428454
4,518,2258224
4,519,4406169
4,520,4740662
4,521,2137656
4,522,3136558
4,523,3698666
4,524,3627237
4,525,3254816
4,526,4958810
4,527,3301361
4,528,3166860
4,529,2553000
4,530,3385241
4,531,3449199
4,532,3946516
4,533,4016198
4,534,2351722
4,535,3769609
4,536,3609912
4,537,2827451
4,538,3780593
4,539,3899547
4,540,2358910
4,541,4704959
4,542,4279091
4,543,3179979
4,544,4466501
4,545,2658199
4,546,2016120
4,547,2530671
4,548,3533613
4,549,2778505
4,550,2180486
4,551,2635700
4,552,4266394
4,553,1821418
4,554,2492393
4,555,3772894
4,556,4894200
4,557,2136070
4,558,3457482
4,559,2734828
4,560,2627126
4,561,3084814
4,562,3995977
4,563,3099046
4,564,8688996
4,565,2038020
4,566,1995905
4,567,8475799
4,568,2665080
4,569,2376778
4,570,4229273
4,571,3161258
4,572,2659511
4,573,2345473
4,574,22673174
4,575,8382220
4,576,3144698
4,577,3507708
4,578,2923443
4,579,2802936
4,580,2977241
4,581,2728022
4,582,2862169
4,583,2742915
4,584,3259659
4,585,1748352
4,586,2091916
4,587,3339020
4,588,2648032
4,589,1967865
4,590,1908744
4,591,3063468
4,592,2345320
4,593,2914222
4,594,2932018
4,595,3791380
4,596,2452503
4,597,3602023
4,598,4550538
4,599,3121413
4,600,2622081
4,601,5432401
4,602,2467625
4,603,2810236
4,604,3087475
4,605,3827391
4,606,9303507
4,607,3849086
4,608,1956572
4,609,1737301
4,610,2068012
4,611,3053565
4,612,3526121
4,613,3550807
4,614,2519248
4,615,2711140
4,616,4558608
4,617,3111051
4,618,2374068
4,619,3680552
4,620,3112733
4,621,1815571
4,622,2743673
4,623,3675841
4,624,2445206
4,625,3048970
4,626,4024500
4,627,2908432
4,628,3471378
4,629,2617596
4,630,4604231
4,631,3316260
4,632,5231409
4,633,2236936
4,634,2043411
4,635,3021728
4,636,4302624
4,637,2942704
4,638,3755917
4,639,5338827
4,640,6755275
4,641,5011307
4,642,2150720
4,643,3168439
4,644,3059889
4,645,4254383
4,646,2428811
4,647,4334569
4,648,10068134
4,649,3593585
4,650,7592270
4,651,2678776
4,652,4970632
4,653,2103110
4,654,2864947
4,655,2986717
4,656,3115321
4,657,2867839
4,658,2337912
4,659,3053693
4,660,2310667
4,661,1990316
4,662,3494234
4,663,3145166
4,664,4052198
4,665,2856317
4,666,3958124
4,667,3158685
4,668,3621223
4,669,2508178
4,670,2922904
4,671,4108742
4,672,8315860
4,673,3175043
4,674,2693969
4,675,5833613
4,676,3895864
4,677,2855273
4,678,3110252
4,679,4802348
4,680,11613246
4,681,2089418
4,682,1885841
4,683,2144639
4,684,2836413
4,685,2779335
4,686,2282913
4,687,3220906
4,688,4330118
4,689,3709927
4,690,2882394
4,691,3663736
4,692,2472129
4,693,2784360
4,694,2557384
4,695,2401214
4,696,3021968
4,697,2800734
4,698,2144557
4,699,2534593
4,700,2500605
4,701,1964398
4,702,1997314
4,703,2227741
4,704,2334180
4,705,1463769
4,706,1369476
4,707,2668628
4,708,2210376
4,709,2004329
4,710,2023846
4,711,2522073
4,712,2320500
4,713,1841333
4,714,1601656
4,715,2345282
4,716,2550854
4,717,2450776
4,718,1611705
4,719,2767477
4,720,2157507
4,721,1678624
4,722,2160513
4,723,2639596
4,724,2643935
4,725,1550147
4,726,1741635
4,727,3416897
4,728,2640951
4,729,1684887
4,730,1909703
4,731,2213183
4,732,2014172
4,733,6416640
4,734,3627844
4,735,3279144
4,736,3245106
4,737,1539967
4,738,2324555
4,739,2240592
4,740,2709131
4,741,3072043
4,742,4841358
4,743,2198621
4,744,1970054
4,745,2434365
4,746,3425671
4,747,5101891
4,748,2679282
4,749,2409911
4,750,3388606
4,751,2984259
4,752,2473684
4,753,2764142
4,754,2459813
4,755,2948302
4,756,3144131
4,757,1925706
4,758,2452725
4,759,3082521
4,760,1978066
4,761,2561761
4,762,2941856
4,763,2902299
4,764,2473741
4,765,1429552
4,766,1748472
4,767,2231033
4,768,2174366
4,769,2088171
4,770,2092218
4,771,2249758
4,772,2402031
4,773,1842929
4,774,2710997
4,775,2241512
4,776,2120340
4,777,1732892
4,778,2388146
4,779,2261508
4,780,2708243
4,781,1947229
4,782,1495322
4,783,2417311
4,784,2898928
4,785,1914463
4,786,2120698
4,787,2142073
4,788,2359106
4,789,1751894
4,790,1999958
4,791,2427570
4,792,2439796
4,793,1735487
4,794,2048792
4,795,2357703
4,796,2042512
4,797,1920356
4,798,2761547
4,799,2214273
4,800,2394707
4,801,1804196
4,802,1976454
4,803,2853954
4,804,8655029
4,805,1875711
4,806,3653308
4,807,2638742
4,808,5084871
4,809,2660798
4,810,3705508
4,811,2267845
4,812,4470250
4,813,3314331
4,814,1892091
4,815,2332441
4,816,2416075
4,817,3153199
4,818,3081059
4,819,3091565
4,820,2502805
4,821,2303872
4,822,3272237
4,823,3037275
4,824,3318132
4,825,2421074
4,826,1955525
4,827,2435459
4,828,2330165
4,829,3006338
4,830,2045017
4,831,3050012
4,832,3323447
4,833,3345632
4,834,2985702
4,835,2531307
4,836,2464914
4,837,2338660
4,838,3303761
4,839,2378880
4,840,3157849
4,841,3005845
4,842,2803048
4,843,2645080
4,844,2591670
4,845,2076035
4,846,2546756
4,847,2663971
4,848,3150373
4,849,2036652
4,850,1543074
4,851,2231674
4,852,2810484
4,853,1939034
4,854,1581090
4,855,2390744
4,856,3065057
4,857,2319195
4,858,1579387
4,859,2277780
4,860,2554825
4,861,2355973
4,862,1748804
4,863,2740353
4,864,2259705
4,865,1372215
4,866,1397452
4,867,2147065
4,868,5379529
4,869,2107123
4,870,1746873
4,871,2327969
4,872,2525925
4,873,2656123
4,874,1694895
4,875,3014315
4,876,2167585
4,877,1986273
4,878,2319890
4,879,2621996
4,880,3002092
4,881,2272015
4,882,5792565
4,883,2372251
4,884,3639666
4,885,4871831
4,886,3050033
4,887,2302602
4,888,14539160
4,889,2513413
4,890,2253736
4,891,2768597
4,892,2730413
4,893,3697520
4,894,2288720
4,895,3984252
4,896,2133105
4,897,2318832
4,898,3074289
4,899,2668232
4,900,2489873
4,901,2492513
4,902,2047445
4,903,2276999
4,904,2445460
4,905,1807401
4,906,1814903
4,907,2222677
4,908,1998753
4,909,2495852
4,910,2539261
4,911,2524645
4,912,1982911
4,913,2911888
4,914,3356807
4,915,2478085
4,916,2283117
4,917,2581029
4,918,2834159
4,919,2412568
4,920,1973033
4,921,2892414
4,922,2479339
4,923,2324987
4,924,2194894
4,925,3322049
4,926,1889869
4,927,2650108
4,928,2845012
4,929,7148937
4,930,2180426
4,931,3317673
4,932,2313247
4,933,2347682
4,934,2942685
4,935,2713338
4,936,2114078
4,937,1606643
4,938,1660533
4,939,2144085
4,940,2322294
4,941,1351090
4,942,1529619
4,943,2010097
4,944,1848360
4,945,2011918
4,946,1854762
4,947,2421025
4,948,2101587
4,949,1634066
4,950,1598218
4,951,2333419
4,952,1945593
4,953,1881947
4,954,1799396
4,955,2116662
4,956,2092714
4,957,1324115
4,958,2689166
4,959,2316764
4,960,2074497
4,961,1864523
4,962,1876260
4,963,2404116
4,964,2155572
4,965,1893655
4,966,1563768
4,967,2895026
4,968,3108370
4,969,1618049
4,970,2412605
4,971,2443060
4,972,2041267
4,973,1826219
4,974,2813551
4,975,4549195
4,976,4432331
4,977,2012661
4,978,2187113
4,979,2516858
4,980,2338509
4,981,1827289
4,982,1969992
4,983,2520371
4,984,2294495
4,985,1791367
4,986,1856233
4,987,2691315
4,988,2811903
4,989,1726377
4,990,1774301
4,991,2357326
4,992,2509264
4,993,1778872
4,994,1864044
4,995,2441292
4,996,2719885
4,997,1631373
4,998,1714642
4,999,2421405
4,1000,2242009
